Task A,Task B,Method,Mean success (%),Sample SD (pp)
GraspBall,OpenDoor,Frozen-Grasp,0.00,0.00
GraspBall,OpenDoor,Decomposed,38.94,2.43
GraspBall,OpenDoor,Residual Learning,66.35,2.60
GraspBall,OpenDoor,HANDFUL,52.16,6.68
GraspBall,OpenDoor,Ours-ZS,73.56,6.94
GraspBall,OpenDoor,DexCompose,82.69,8.33
GraspBall,PushButton,Frozen-Grasp,7.69,2.06
GraspBall,PushButton,Decomposed,42.31,2.06
GraspBall,PushButton,Residual Learning,74.04,1.97
GraspBall,PushButton,HANDFUL,73.56,3.96
GraspBall,PushButton,Ours-ZS,76.92,4.69
GraspBall,PushButton,DexCompose,85.58,7.50
GraspBall,OpenMicrowave,Frozen-Grasp,0.00,0.00
GraspBall,OpenMicrowave,Decomposed,34.62,2.69
GraspBall,OpenMicrowave,Residual Learning,63.46,2.67
GraspBall,OpenMicrowave,HANDFUL,43.51,9.41
GraspBall,OpenMicrowave,Ours-ZS,64.66,7.70
GraspBall,OpenMicrowave,DexCompose,73.08,9.25
GraspBall,TurnOnSwitch,Frozen-Grasp,0.00,0.00
GraspBall,TurnOnSwitch,Decomposed,31.73,2.81
GraspBall,TurnOnSwitch,Residual Learning,55.29,2.96
GraspBall,TurnOnSwitch,HANDFUL,55.29,8.69
GraspBall,TurnOnSwitch,Ours-ZS,63.94,8.33
GraspBall,TurnOnSwitch,DexCompose,71.88,8.93
PourMug,OpenDoor,Frozen-Grasp,0.00,0.00
PourMug,OpenDoor,Decomposed,36.54,2.35
PourMug,OpenDoor,Residual Learning,58.65,2.90
PourMug,OpenDoor,HANDFUL,38.46,9.32
PourMug,OpenDoor,Ours-ZS,66.59,8.78
PourMug,OpenDoor,DexCompose,75.72,8.08
PourMug,PushButton,Frozen-Grasp,9.13,2.00
PourMug,PushButton,Decomposed,40.87,2.37
PourMug,PushButton,Residual Learning,71.63,2.00
PourMug,PushButton,HANDFUL,55.05,11.66
PourMug,PushButton,Ours-ZS,78.61,6.61
PourMug,PushButton,DexCompose,85.58,7.28
PourMug,OpenMicrowave,Frozen-Grasp,0.00,0.00
PourMug,OpenMicrowave,Decomposed,32.21,2.67
PourMug,OpenMicrowave,Residual Learning,54.81,3.02
PourMug,OpenMicrowave,HANDFUL,24.04,7.26
PourMug,OpenMicrowave,Ours-ZS,52.40,7.67
PourMug,OpenMicrowave,DexCompose,62.74,8.21
PourMug,TurnOnSwitch,Frozen-Grasp,0.00,0.00
PourMug,TurnOnSwitch,Decomposed,30.29,2.67
PourMug,TurnOnSwitch,Residual Learning,50.96,3.22
PourMug,TurnOnSwitch,HANDFUL,35.82,9.85
PourMug,TurnOnSwitch,Ours-ZS,55.29,7.48
PourMug,TurnOnSwitch,DexCompose,64.90,9.89
PickCan,OpenDoor,Frozen-Grasp,0.00,0.00
PickCan,OpenDoor,Decomposed,35.58,2.40
PickCan,OpenDoor,Residual Learning,56.73,2.81
PickCan,OpenDoor,HANDFUL,56.97,6.77
PickCan,OpenDoor,Ours-ZS,72.84,6.68
PickCan,OpenDoor,DexCompose,79.09,6.04
PickCan,PushButton,Frozen-Grasp,8.65,2.27
PickCan,PushButton,Decomposed,39.90,2.27
PickCan,PushButton,Residual Learning,66.83,2.40
PickCan,PushButton,HANDFUL,75.48,9.19
PickCan,PushButton,Ours-ZS,77.64,5.08
PickCan,PushButton,DexCompose,85.34,6.92
PickCan,OpenMicrowave,Frozen-Grasp,0.00,0.00
PickCan,OpenMicrowave,Decomposed,31.25,2.55
PickCan,OpenMicrowave,Residual Learning,53.85,2.90
PickCan,OpenMicrowave,HANDFUL,42.79,9.75
PickCan,OpenMicrowave,Ours-ZS,64.42,11.09
PickCan,OpenMicrowave,DexCompose,72.36,11.82
PickCan,TurnOnSwitch,Frozen-Grasp,0.00,0.00
PickCan,TurnOnSwitch,Decomposed,29.81,2.74
PickCan,TurnOnSwitch,Residual Learning,55.29,2.67
PickCan,TurnOnSwitch,HANDFUL,55.05,10.71
PickCan,TurnOnSwitch,Ours-ZS,58.41,6.55
PickCan,TurnOnSwitch,DexCompose,65.38,6.81
PickStick,OpenDoor,Frozen-Grasp,0.00,0.00
PickStick,OpenDoor,Decomposed,83.17,1.58
PickStick,OpenDoor,Residual Learning,71.15,2.27
PickStick,OpenDoor,HANDFUL,18.75,8.93
PickStick,OpenDoor,Ours-ZS,78.37,5.63
PickStick,OpenDoor,DexCompose,86.30,5.78
PickStick,PushButton,Frozen-Grasp,21.15,3.16
PickStick,PushButton,Decomposed,84.13,1.54
PickStick,PushButton,Residual Learning,76.44,2.06
PickStick,PushButton,HANDFUL,34.62,7.60
PickStick,PushButton,Ours-ZS,79.57,5.79
PickStick,PushButton,DexCompose,86.54,4.84
PickStick,OpenMicrowave,Frozen-Grasp,0.00,0.00
PickStick,OpenMicrowave,Decomposed,76.92,2.03
PickStick,OpenMicrowave,Residual Learning,61.54,2.96
PickStick,OpenMicrowave,HANDFUL,15.38,6.81
PickStick,OpenMicrowave,Ours-ZS,77.88,6.69
PickStick,OpenMicrowave,DexCompose,87.26,7.81
PickStick,TurnOnSwitch,Frozen-Grasp,2.88,1.54
PickStick,TurnOnSwitch,Decomposed,61.54,2.35
PickStick,TurnOnSwitch,Residual Learning,48.56,3.28
PickStick,TurnOnSwitch,HANDFUL,20.19,6.20
PickStick,TurnOnSwitch,Ours-ZS,66.59,6.17
PickStick,TurnOnSwitch,DexCompose,74.52,6.10
Mean,All 16 tasks,Frozen-Grasp,3.09,0.62
Mean,All 16 tasks,Decomposed,45.61,1.94
Mean,All 16 tasks,Residual Learning,61.60,2.31
Mean,All 16 tasks,HANDFUL,43.57,1.57
Mean,All 16 tasks,Ours-ZS,69.23,1.60
Mean,All 16 tasks,DexCompose,77.43,2.64
